<?xml version="1.0" encoding="UTF-8"?>
<Configuration status="WARN">

    <Appenders>

        <Console name="Console" target="SYSTEM_OUT">

            <PatternLayout pattern="%d{yyyy-MM-dd HH:mm:ss} [%t] %-5level: %msg%n%throwable"/>
        </Console>
    </Appenders>


    <Loggers>

        <Root level="info">

            <AppenderRef ref="Console"/>
        </Root>


        <Logger name="org.apache" level="debug" additivity="false">
            <AppenderRef ref="Console"/>
        </Logger>
    </Loggers>
</Configuration>